Id;Grupo;Equipo;Edad;Sexo;Repitente;PiAP;PgAP;PiDP;PgDP;TrabajoFinal;AsistenciaP1;AsistenciaR1;P1;R1;AsistenciaP2;AsistenciaR2;P2;R2;Total;p11;p21;p31;p41;p51;p61;p71;p81;p91;p101;r11;r21;r31;r41;r51;r61;r71;r81;r91;r101;p12;p22;p32;p42;p52;p62;p72;p82;p92;p102;r12;r22;r32;r42;r52;r62;r72;r82;r92;r102;latitud;longitud
213;2;BB;19;F;0;7;1,5;8;3;12;1;1;19,2;1,92;1;0;25,2;NAC;81;1;1;1;1;1;1;0;1;0;1;0;0;0;0;0;0;0;0;1;0;1;0;1;1;0;1;1;1;1;0;0;0;0;0;0;0;0;0;0;0;-34,827425;-55,968431
155;2;NN;19;F;0;0;3;0;sh;0;1;0;0;NAC;0;0;NSP;NAC;3;0;0;0;0;0;0;0;0;0;0;0;0;0;0;0;0;0;0;0;0;0;0;0;0;0;0;0;0;0;0;0;0;0;0;0;0;0;0;0;0;-34,908621;-56,167428
117;1;G;19;F;0;7;3;3,5;3;11;1;1;19,2;1,92;1;0;32,4;NSP;85;1;0;0;1;1;1;1;1;1;1;0;1;0;0;0;0;0;0;0;0;1;0;1;1;1;1;1;1;1;1;0;0;0;0;0;0;0;0;0;0;-34,870193;-56,015484
336;3;PPP;19;F;0;9,5;4;2;2;7;1;1;12;1,92;1;0;18;NSP;60;1;0;0;1;1;0;1;0;1;0;0;0;0;0;0;0;0;0;0;1;1;0;1;1;0;1;0;1;0;0;0;0;0;0;0;0;0;0;0;0;-34,894554;-56,077233
101;1;Q;19;F;0;2,5;2;3,5;3;7,5;1;1;16,8;0;1;1;14,4;11,52;64;1;0;0;1;1;1;1;1;1;0;0;0;0;0;0;0;0;0;0;0;1;0;0;1;0;1;0;1;0;0;0;1;1;0;0;0;1;0;1;0;-34,772907;-55,229944
312;3;TTT;19;F;0;11,5;5;2;4;12;1;1;19,2;3,84;1;1;25,2;5,76;92;1;1;0;1;1;1;1;1;1;0;0;0;1;0;0;0;0;0;0;1;1;1;1;1;1;0;1;1;0;0;0;0;0;0;0;0;0;0;1;1;-34,896709;-56,115686
23;1;K;19;F;0;6;2,6;5;3;9,5;1;1;12;5,76;1;1;18;8,64;74;1;0;0;1;1;0;0;1;1;0;0;1;0;0;0;0;1;0;0;1;0;1;0;1;1;0;0;1;0;1;1;0;0;0;0;0;1;0;1;0;-34,915773;-56,14943
306;3;RRR;19;F;0;5,7;4;1;4;12;1;1;16,8;1,92;1;1;10,8;11,52;70;1;1;0;1;0;1;1;1;1;0;0;0;0;0;0;0;0;0;0;1;0;1;0;1;1;0;0;0;0;0;0;0;1;0;0;1;0;1;1;0;-34,90612;-56,192925
58;1;E;18;F;0;8;3;3,5;3;11;1;1;16,8;5,76;1;0;32,4;NAC;87;1;1;0;1;0;1;0;1;1;1;0;0;1;0;1;0;1;0;0;0;1;0;1;1;1;1;1;1;1;1;0;0;0;0;0;0;0;0;0;0;-34,858088;-56,131717
3;1;J;24;M;1;0;3;0;3;8;1;1;4,8;0;1;0;7,2;NAC;29;1;0;0;0;1;0;0;0;0;0;0;0;0;0;0;0;0;0;0;0;1;0;0;0;0;0;0;1;0;0;0;0;0;0;0;0;0;0;0;0;-34,864394;-56,253334
162;2;CC;19;F;0;0;1,5;0;sh;0;1;0;0;NSP;0;0;NSP;NAC;4;0;0;0;0;0;0;0;0;0;0;0;0;0;0;0;0;0;0;0;0;0;0;0;0;0;0;0;0;0;0;0;0;0;0;0;0;0;0;0;0;-34,905923;-56,180249
264;3;HHH;19;M;1;5,5;2,5;1;4;S/H;1;1;12;1,92;1;0;7,2;NAC;38;1;0;0;0;1;0;1;1;1;0;0;0;0;0;0;0;0;0;0;1;1;0;0;0;0;0;0;1;0;0;0;0;0;0;0;0;0;0;0;0;-34,893734;-56,127325
187;2;LL;19;F;0;2;0;4;1;10;1;1;12;0;1;0;3,6;NSP;36;1;0;0;1;0;1;0;1;1;0;0;0;0;0;0;0;0;0;0;0;1;0;0;0;0;0;0;0;0;0;0;0;0;0;0;0;0;0;0;0;-32,29938;-58,069955
251;3;CCC;20;F;0;7,616666667;5;1,8;4;10;1;1;9,6;5,76;1;0;18;NSP;65;1;0;0;1;0;1;1;0;0;0;0;1;1;0;0;0;0;1;0;0;1;1;1;1;0;0;1;0;0;0;0;0;0;0;0;0;0;0;0;0;-34,889568;-56,165252
65;1;F;19;F;0;2,5;2,4;2,5;3;10;1;1;12;1,92;1;1;14,4;8,64;60;1;0;0;1;0;1;0;1;1;0;0;0;0;0;0;0;0;0;0;1;1;0;0;0;0;1;0;1;1;0;0;0;0;0;1;0;1;0;0;1;-34,871962;-56,144489
235;3;CCC;26;F;1;0,7;5;0;4;10;1;1;4,8;1,92;1;0;0;NSP;30;1;0;0;0;0;1;0;0;0;0;0;0;0;1;0;0;0;0;0;0;0;0;0;0;0;0;0;0;0;0;0;0;0;0;0;0;0;0;0;0;-34,890948;-56,182184
72;1;P;19;F;0;0;2,4;0;-;0;1;1;0;1,92;0;0;-;NAC;8;0;0;0;0;0;0;0;0;0;0;0;0;1;0;0;0;0;0;0;0;0;0;0;0;0;0;0;0;0;0;0;0;0;0;0;0;0;0;0;0;-34,888628;-56,121579
114;1;B;19;F;0;3;1,4;1,5;-;0;1;1;2,4;3,84;1;0;7,2;NAC;23;0;0;0;0;0;0;0;0;1;0;0;0;0;0;0;0;0;1;0;1;1;0;0;0;0;0;1;0;0;0;0;0;0;0;0;0;0;0;0;0;-34,880647;-56,082514
272;3;QQQ;19;F;0;5;5;2;4;11;1;1;16,8;1,92;1;1;21,6;8,64;79;1;0;1;1;1;1;0;1;1;0;0;1;0;0;0;0;0;0;0;0;1;1;1;1;1;0;1;0;0;0;0;0;0;0;0;1;0;1;1;0;-34,910507;-56,157526
233;2;DD;19;F;0;1;3;5;3;12;1;1;9,6;1,92;1;1;7,2;11,52;58;1;0;0;1;0;0;0;0;1;1;0;0;0;0;0;0;1;0;0;0;1;0;0;0;0;0;0;0;1;0;0;0;1;0;0;1;1;1;0;0;-34,884623;-56,108646
236;3;QQQ;25;F;0;1,3;5;S/H;S/H;S/H;1;0;2,4;NSP;0;0;NSP;NAC;9;1;0;0;0;0;0;0;0;0;0;0;0;0;0;0;0;0;0;0;0;0;0;0;0;0;0;0;0;0;0;0;0;0;0;0;0;0;0;0;0;-34,915439;-54,958753
249;3;BBB;20;F;1;2,466666667;4;2;4;S/H;1;1;4,8;0;0;0;NSP;NAC;20;1;0;0;1;0;0;0;0;0;0;0;0;0;0;0;0;0;0;0;0;0;0;0;0;0;0;0;0;0;0;0;0;0;0;0;0;0;0;0;0;-34,869474;-56,032824
319;3;MMM;19;F;0;5,833333333;5;1,5;4;12;1;1;12;5,76;1;1;7,2;5,76;63;1;0;0;1;1;0;1;0;1;0;0;0;1;0;0;0;0;1;0;1;1;0;0;0;0;0;1;0;0;0;0;0;1;0;0;1;0;0;0;0;-34,880406;-56,25675
63;1;O;18;F;0;6;2,5;5;3;11;1;1;16,8;3,84;1;1;28,8;2,88;84;1;0;0;1;1;1;1;1;1;0;0;1;0;0;0;0;0;0;0;1;1;1;1;0;0;1;1;1;1;1;0;0;0;1;0;0;0;0;0;0;-34,856102;-55,27673
276;3;HHH;19;F;0;5,033333333;2,3;2;4;12;1;0;16,8;NSP;1;1;3,6;11,52;61;1;1;0;1;1;1;1;1;0;0;0;0;0;0;0;0;0;0;0;0;0;1;0;0;0;0;0;0;0;0;0;0;1;0;1;0;1;1;0;0;-34,835431;-56,231073
217;2;II;19;F;0;1;3;4;1;12;1;1;14,4;1,92;1;1;21,6;0;62;1;0;0;1;0;1;1;1;1;0;0;0;0;0;0;0;0;0;0;1;1;0;0;0;0;1;1;1;1;1;0;0;0;0;0;0;0;0;0;0;-34,886768;-56,166214
79;1;D;18;F;0;2,5;2,3;7,5;3;9,5;1;1;9,6;7,68;1;1;21,6;11,52;79;1;0;0;1;0;0;0;1;1;0;0;1;0;0;1;0;1;0;0;1;1;0;0;1;1;1;1;1;0;0;0;1;1;0;0;0;0;0;1;1;-34,889192;-56,102659
205;2;CC;18;F;0;7;1,5;5;sh;12;1;0;24;NAC;1;0;32,4;NAC;86;1;1;1;1;1;1;1;1;1;1;0;0;0;0;0;0;0;0;0;0;1;1;1;0;1;1;1;1;1;1;0;0;0;0;0;0;0;0;0;0;-34,84515952;-55,98139251
138;2;PP;20;M;1;0;1,5;0;sh;0;1;0;2,4;NSP;0;0;NSP;NAC;7;0;0;0;1;0;0;0;0;0;0;0;0;0;0;0;0;0;0;0;0;0;0;0;0;0;0;0;0;0;0;0;0;0;0;0;0;0;0;0;0;-34,792549;-55,996338
250;3;UUU;20;F;1;1,5;5,9;S/H;S/H;S/H;1;0;2,4;NSP;0;0;NSP;NAC;13;0;0;0;1;0;0;0;0;0;0;0;0;0;0;0;0;0;0;0;0;0;0;0;0;0;0;0;0;0;0;0;0;0;0;0;0;0;0;0;0;-34,758027;-56,391194
73;1;D;19;F;0;3;2,3;1,5;3;6,5;1;1;12;3,84;0;0;-;14,4;49;1;0;0;1;1;1;0;0;1;0;0;0;0;0;0;0;0;1;0;1;0;0;0;0;0;0;0;0;0;0;0;0;0;1;0;1;0;1;1;0;-34,862345;-56,09647
196;2;HH;19;F;0;0;3;0;1;8;1;1;7,2;1,92;0;0;NSP;NAC;21;1;0;0;1;0;0;0;0;1;0;0;0;0;0;0;0;0;1;0;0;0;0;0;0;0;0;0;0;0;0;0;0;0;0;0;0;0;0;0;0;-34,848827;-56,00156
43;1;D;19;F;0;0;2,3;2,5;3;0;1;1;2,4;1,92;1;0;0;NAC;14;0;0;0;0;0;0;0;0;1;0;0;0;0;0;0;0;0;1;0;0;0;0;0;0;0;0;0;0;0;0;0;0;0;0;0;0;0;0;0;0;-34,717665;-56,209545
104;1;J;19;F;0;7;3;4,5;3;8;1;1;16,8;5,76;1;1;21,6;8,64;78;1;0;0;1;1;1;1;1;1;0;0;1;1;0;0;0;0;0;0;1;1;0;0;1;1;0;1;1;1;0;0;1;0;0;0;1;0;0;0;1;-34,909511;-56,137178
270;3;FFF;19;F;0;1,2;3,5;2;4;12;1;0;4,8;0;1;0;0;NAC;31;1;0;0;1;0;0;0;0;0;0;0;0;0;0;0;0;0;0;0;0;0;0;0;0;0;0;0;0;0;0;0;0;0;0;0;0;0;0;0;0;-34,906318;-56,198637
282;3;OOO;19;F;0;6,5;3,5;0;4;S/H;1;0;9,6;NSP;1;0;0;NAC;27;1;0;0;1;1;1;0;0;0;0;0;0;0;0;0;0;0;0;0;0;0;0;0;0;0;0;0;0;0;0;0;0;0;0;0;0;0;0;0;0;-34,910708;-54,940536
59;1;L;18;F;0;1,5;3;2;3;0;1;1;9,6;3,84;0;0;-;NAC;26;0;0;0;1;1;0;1;0;1;0;0;0;0;0;0;0;0;1;0;1;0;0;0;0;0;0;0;0;0;0;0;0;0;0;0;0;0;0;0;0;-34,823084;-55,968368
310;3;DDD;18;F;0;4,933333333;3,3;2;4;12;1;0;9,6;NAC;1;1;25,2;5,76;70;0;1;0;0;1;1;0;0;1;0;0;0;0;0;0;0;0;0;0;0;1;1;1;0;0;1;0;1;1;1;0;0;0;0;1;0;1;0;0;0;-34,733796;-56,032748
260;3;DDD;22;M;1;2,5;3,3;0;4;12;1;0;7,2;NAC;1;0;0;NSP;32;1;0;0;1;1;0;0;0;0;0;0;0;0;0;0;0;0;0;0;0;0;0;0;0;0;0;0;0;0;0;0;0;0;0;0;0;0;0;0;0;-34,725296;-56,213675
211;2;JJ;18;F;0;5;3;4;3;12;1;1;21,6;0;1;1;7,2;11,52;71;1;1;0;1;1;1;1;1;1;1;0;0;0;0;0;0;0;0;0;0;1;0;0;0;0;0;0;1;0;0;0;0;0;0;1;1;1;0;1;0;-34,896166;-56,192837
151;2;KK;20;M;1;1;3;0;2;8;1;1;9,6;3,84;0;0;NSP;NAC;30;1;0;0;1;1;0;1;0;0;0;0;0;0;0;0;0;0;1;0;1;0;0;0;0;0;0;0;0;0;0;0;0;0;0;0;0;0;0;0;0;-34,74032;-56,092461
294;3;III;20;M;1;2,6;1,3;0;2,5;S/H;1;1;4,8;3,84;0;0;0;NAC;19;0;0;0;1;1;0;0;0;0;0;0;0;1;0;0;0;1;0;0;0;0;0;0;0;0;0;0;0;0;0;0;0;0;0;0;0;0;0;0;0;-34,70853;-55,958183
242;3;KKK;22;M;0;2,8;0,3;0;0;S/H;1;1;9,6;3,84;0;0;NSP;NAC;20;1;1;0;1;0;1;0;0;0;0;0;0;1;0;0;0;0;1;0;0;0;0;0;0;0;0;0;0;0;0;0;0;0;0;0;0;0;0;0;0;-34,544337;-55,869501
20;1;Q;20;F;0;0;2;0;-;0;1;0;0;-;0;0;-;NAC;2;0;0;0;0;0;0;0;0;0;0;0;0;0;0;0;0;0;0;0;0;0;0;0;0;0;0;0;0;0;0;0;0;0;0;0;0;0;0;0;0;-34,825934;-55,985392
287;3;NNN;19;F;0;0;5,3;0;4;12;1;1;2,4;0;1;0;0;NSP;27;0;0;0;0;0;0;0;0;1;0;0;0;0;0;0;0;0;0;0;0;0;0;0;0;0;0;0;0;0;0;0;0;0;0;0;0;0;0;0;0;-34,760555;-55,654952
37;1;R;19;F;0;5;2,8;1,5;3;0;1;1;9,6;3,84;0;0;-;NAC;28;1;0;0;1;1;0;0;0;1;0;0;0;0;0;0;0;0;1;0;1;0;0;0;0;0;0;0;0;0;0;0;0;0;0;0;0;0;0;0;0;-34,847321;-56,238865
300;3;MMM;19;F;0;10,8;5;2;4;12;1;1;14,4;3,84;1;1;21,6;11,52;88;1;1;0;1;1;0;1;1;0;0;0;0;1;0;0;0;0;0;0;1;1;1;1;1;1;0;1;0;0;0;0;0;0;0;0;1;0;1;1;1;-34,872855;-56,178422
183;2;GG;19;F;0;4;3;6;3;10;1;1;19,2;1,92;1;1;21,6;8,64;81;1;1;1;1;1;1;0;1;1;0;0;0;0;0;0;0;1;0;0;0;1;0;1;1;0;1;1;1;0;0;0;1;0;0;1;0;0;0;1;0;-34,850994;-56,123893
308;3;TTT;19;F;0;5;5;0;4;12;1;1;12;3,84;1;1;14,4;8,64;68;1;1;0;1;1;1;0;0;0;0;0;0;0;0;0;0;0;1;0;1;1;1;0;1;0;0;0;1;0;0;0;0;1;0;0;0;0;0;1;1;-34,928532;-54,947046
100;1;U;18;F;0;6;2,5;3,5;3;12;1;1;14,4;3,84;1;1;14,4;11,52;75;1;0;0;1;1;1;1;0;1;0;0;0;0;0;0;0;0;1;0;1;1;1;0;0;0;0;1;1;0;0;0;0;1;0;0;1;0;0;1;1;-34,764055;-56,258926
11;1;L;22;M;0;3;3;5;3;10;1;1;16,8;5,76;1;0;21,6;NAC;72;0;1;1;1;1;1;0;0;1;1;1;0;0;0;0;0;1;1;0;0;1;0;1;1;0;1;1;1;0;0;0;0;0;0;0;0;0;0;0;0;-34,822014;-55,958057
160;2;EE;19;F;0;1;3;2;2;12;1;1;7,2;1,92;1;0;3,6;NAC;33;0;0;0;1;1;0;1;0;0;0;0;0;0;0;0;0;0;1;0;0;1;0;0;0;0;0;0;0;0;0;0;0;0;0;0;0;0;0;0;0;-34,902696;-56,164578
32;1;C;19;F;0;0;1;1;1,5;0;1;1;4,8;1,92;1;0;3,6;NAC;14;0;0;0;0;1;0;0;0;1;0;0;0;0;0;0;0;1;0;0;0;1;0;0;0;0;0;0;0;0;0;0;0;0;0;0;0;0;0;0;0;-34,875925;-56,042696
203;2;CC;18;F;0;5;1,5;7;2;12;1;1;16,8;5,76;1;0;14,4;NSP;68;1;0;0;1;1;1;1;1;1;0;0;1;1;0;0;0;0;0;0;1;1;0;1;0;0;1;1;0;0;0;0;0;0;0;0;0;0;0;0;0;-34,757538;-56,259798
62;1;U;19;F;0;6;2,5;3,5;3;12;1;1;14,4;3,84;1;1;7,2;8,64;65;0;0;0;1;1;1;1;1;1;0;1;0;0;0;0;0;0;0;0;1;1;0;0;1;0;0;0;0;0;0;0;0;1;0;0;0;0;1;1;0;-34,791766;-56,257903
181;2;JJ;18;F;0;2;3;7;3;12;1;1;12;1,92;1;0;28,8;NSP;73;0;0;0;1;1;1;1;1;0;0;1;0;0;0;0;0;0;0;0;0;1;0;1;1;0;1;1;1;1;1;0;0;0;0;0;0;0;0;0;0;-33,232144;-54,386683
318;3;UUU;19;F;0;4,5;5,9;0;4;12;1;1;4,8;3,84;1;1;0;11,52;50;1;0;0;1;0;0;0;0;0;0;0;0;1;0;0;0;0;1;0;0;0;0;0;0;0;0;0;0;0;0;1;0;1;0;0;1;0;1;0;0;-34,886875;-56,114884
139;2;EE;21;M;1;2;3;4;2;9;1;1;12;5,76;1;1;7,2;11,52;60;1;1;0;1;0;1;1;0;0;0;0;0;1;0;0;0;0;1;0;1;1;0;0;0;0;0;0;1;0;0;0;0;1;1;0;1;1;0;0;0;-34,634391;-56,617429
78;1;G;22;M;1;1;3;0;-;0;1;1;0;1,92;0;0;-;NAC;6;0;0;0;0;0;0;0;0;0;0;0;0;0;0;0;0;0;1;0;0;0;0;0;0;0;0;0;0;0;0;0;0;0;0;0;0;0;0;0;0;-34,88051;-56,19309
321;3;BBB;20;F;1;2,2;4;0;4;12;1;0;9,6;NSP;1;1;7,2;3,6;46;1;0;0;1;1;1;0;0;0;0;0;0;0;0;0;0;0;0;0;0;1;1;0;0;0;0;0;0;0;0;0;1;1;0;0;0;0;0;0;0;-34,909676;-56,174872
129;2;JJ;20;M;1;2;3;5;3;12;1;1;12;5,76;1;0;25,2;NAC;71;1;0;0;1;1;0;1;0;1;0;0;0;0;0;0;1;0;1;0;1;1;0;0;1;0;1;1;1;1;1;0;0;0;0;0;0;0;0;0;0;-34,869623;-56,161248
156;2;BB;19;F;0;0;1,5;0;sh;0;1;0;2,4;NSP;0;0;NSP;NAC;7;0;0;0;1;0;0;0;0;0;0;0;0;0;0;0;0;0;0;0;0;0;0;0;0;0;0;0;0;0;0;0;0;0;0;0;0;0;0;0;0;-34,698278;-56,212643
325;3;BBB;19;M;1;9;4;0,5;4;12;1;1;7,2;1,92;1;1;14,4;11,52;68;1;0;0;1;0;0;1;0;0;0;0;0;1;0;0;0;0;1;0;0;1;0;0;0;0;1;0;1;1;0;0;1;0;1;1;0;1;0;0;0;-34,899166;-54,969363
87;1;M;18;F;0;4;2,4;4,5;3;10,5;1;1;16,8;5,76;1;0;28,8;NSP;79;1;1;1;1;1;1;1;0;0;0;0;0;0;0;0;0;0;1;1;1;1;1;1;1;0;1;1;1;0;1;0;0;0;0;0;0;0;0;0;0;-34,869237;-56,017474
92;1;N;18;F;0;4;2,6;3,5;3;12;1;1;9,6;3,84;1;1;28,8;2,88;74;1;0;0;1;1;0;0;0;1;0;0;0;0;0;0;0;0;1;0;1;1;1;1;1;1;1;1;0;0;1;0;0;0;0;0;0;0;1;0;0;-34,85197;-55,290766
49;1;U;19;F;0;7;2,5;3,5;3;12;1;1;12;5,76;1;1;21,6;8,64;76;1;0;0;1;1;0;0;0;1;1;0;1;0;0;0;0;1;1;0;0;1;1;1;1;0;1;0;1;0;0;0;0;0;0;1;0;1;0;1;0;-34,799938;-56,288997
51;1;Q;19;F;0;0;2;0;-;0;1;0;0;-;0;0;-;NAC;2;0;0;0;0;0;0;0;0;0;0;0;0;0;0;0;0;0;0;0;0;0;0;0;0;0;0;0;0;0;0;0;0;0;0;0;0;0;0;0;0;-34,524954;-56,291395
292;3;III;19;F;0;8,2;1,3;0;2,5;11;1;1;12;5,76;1;1;0;11,52;T;1;0;0;1;0;1;1;0;1;0;0;0;1;0;0;0;0;1;0;1;0;0;0;0;0;0;0;0;0;0;0;1;1;0;0;1;1;0;0;0;-34,863022;-56,201314
18;1;I;21;M;1;5,5;2,8;2,5;3;10,5;1;1;14,4;3,84;1;1;14,4;11,52;72;1;0;0;1;1;1;1;0;1;0;0;0;0;0;0;0;0;1;0;1;1;0;0;1;1;1;0;0;0;0;0;0;1;0;0;0;1;1;1;0;-34,88424539;-56,10590098
145;2;EE;19;F;0;5;3;0;2;0;1;0;9,6;NSP;0;0;NSP;NAC;20;1;0;1;1;0;0;0;0;1;0;0;0;0;0;0;0;0;0;0;0;0;0;0;0;0;0;0;0;0;0;0;0;0;0;0;0;0;0;0;0;-34,81702;-55,932008
25;1;H;19;F;0;8;1,8;5;3;10,5;1;1;19,2;1,92;1;1;28,8;5,76;88;1;1;0;1;1;1;0;1;1;1;0;0;0;0;0;0;1;0;0;1;1;1;0;1;1;1;1;1;0;1;0;0;1;0;0;0;0;0;1;0;-32,322642;-58,051701
95;1;R;19;F;0;7;2,8;7,5;3;12;1;1;21,6;1,92;1;0;32,4;NAC;92;1;1;1;1;1;1;1;1;1;0;0;0;0;0;0;0;0;0;0;1;1;1;1;1;1;1;1;1;1;0;0;0;0;0;0;0;0;0;0;0;-33,234013;-54,39424
110;1;H;19;F;0;5;1,8;3,5;3;10,5;1;1;14,4;1,92;1;1;14,4;11,52;69;1;0;0;1;1;1;0;1;1;0;0;0;0;0;0;0;0;0;0;1;1;0;1;0;1;0;0;0;0;1;0;0;0;1;0;1;0;1;1;0;-34,890792;-56,10881
338;3;HHH;23;F;1;1,3;2,5;0;4;S/H;1;0;4,8;NSP;0;0;NSP;NAC;16;1;0;0;1;0;0;0;0;0;0;0;0;0;0;0;0;0;0;0;0;0;0;0;0;0;0;0;0;0;0;0;0;0;0;0;0;0;0;0;0;-34,758132;-56,233128
91;1;S;18;F;0;6;2,3;5;3;10,2;1;1;9,6;1,92;1;0;28,8;NAC;69;1;0;0;1;0;1;0;0;1;0;0;0;0;0;0;0;0;1;0;0;1;1;0;1;0;1;1;1;1;1;0;0;0;0;0;0;0;0;0;0;-34,895013;-56,197183
204;2;DD;18;F;0;3;3;0;sh;0;1;0;4,8;NSP;0;0;NSP;NAC;11;1;0;0;1;0;0;0;0;0;0;0;0;0;0;0;0;0;0;0;0;0;0;0;0;0;0;0;0;0;0;0;0;0;0;0;0;0;0;0;0;-34,790711;-56,134235
208;2;BB;19;F;0;2;1,5;2;3;11;1;1;7,2;0;1;0;10,8;NSP;41;1;0;0;0;0;0;0;1;1;0;0;0;0;0;0;0;0;0;0;0;1;0;0;0;1;1;0;0;0;0;0;0;0;0;0;0;0;0;0;0;-34,836974;-55,976563
167;2;HH;19;F;0;2;3;0;1;11;1;1;9,6;3,84;1;0;3,6;NAC;34;1;0;0;1;1;0;1;0;0;0;0;0;0;0;0;0;0;1;1;0;0;0;0;1;0;0;0;0;0;0;0;0;0;0;0;0;0;0;0;0;-33,939558;-57,812602
191;2;II;18;F;0;2;3;2;1;12;1;1;14,4;5,76;1;1;10,8;8,64;63;1;1;0;1;1;0;0;1;1;0;0;0;1;0;0;0;1;0;0;1;1;0;0;0;0;1;1;0;0;0;0;0;1;0;0;0;0;1;1;0;-34,836551;-56,209729
171;2;LL;19;F;0;1;0;6;1;10;1;1;12;0;1;1;14,4;2,88;51;1;0;0;1;1;1;0;1;0;0;0;0;0;0;0;0;0;0;0;0;1;0;0;0;0;0;0;1;1;1;0;0;0;0;0;1;1;0;0;0;-34,335915;-56,729532
259;3;AAA;20;F;1;0,7;2,2;0;4;S/H;1;0;0;NSP;0;0;NSP;NAC;10;0;0;0;0;0;0;0;0;0;0;0;0;0;0;0;0;0;0;0;0;0;0;0;0;0;0;0;0;0;0;0;0;0;0;0;0;0;0;0;0;-34,797561;-56,114432
131;2;AA;21;F;0;1;3;0;sh;0;1;0;4,8;NSP;0;0;NSP;NAC;9;1;0;0;1;0;0;0;0;0;0;0;0;0;0;0;0;0;0;0;0;0;0;0;0;0;0;0;0;0;0;0;0;0;0;0;0;0;0;0;0;-34,76047;-56,233453
195;2;BB;24;F;0;3;1,5;5;3;12;1;1;12;0;1;0;21,6;NSP;62;0;0;0;1;1;1;1;1;0;0;0;0;0;0;0;0;0;0;0;0;1;0;0;0;0;1;1;1;1;1;0;0;0;0;0;0;0;0;0;0;-34,893873;-56,132251
263;3;GGG;21;M;1;3,9;3,8;S/H;S/H;S/H;1;1;7,2;1,92;0;0;NSP;NAC;20;1;0;0;1;1;0;0;0;0;0;0;0;1;0;0;0;0;0;0;0;0;0;0;0;0;0;0;0;0;0;0;0;0;0;0;0;0;0;0;0;-34,726994;-56,215967
140;2;OO;20;F;1;2;SH;0;sh;0;1;0;4,8;NAC;0;0;NSP;NAC;7;0;0;0;1;1;0;0;0;0;0;0;0;0;0;0;0;0;0;0;0;0;0;0;0;0;0;0;0;0;0;0;0;0;0;0;0;0;0;0;0;-34,521892;-56,283255
89;1;L;19;F;0;9;3;7,5;3;10,5;1;0;24;-;1;1;25,2;8,64;95;1;1;1;1;1;1;1;1;1;1;0;0;0;0;0;0;0;0;0;0;1;1;1;1;1;1;1;0;0;0;0;0;0;0;0;0;0;1;1;1;-34,799504;-56,252593
137;2;II;20;M;1;1;3;1;1;12;1;1;9,6;1,92;1;1;3,6;5,76;42;1;0;0;1;0;0;0;1;1;0;0;1;0;0;0;0;0;0;0;0;1;0;0;0;0;0;0;0;0;0;0;0;1;0;0;1;0;0;0;0;-34,294313;-55,962663
143;2;NN;22;F;1;3;3;7;3;5;1;0;19,2;NAC;1;0;36;NAC;80;1;1;0;1;1;1;1;1;1;0;0;0;0;0;0;0;0;0;0;0;1;1;1;1;1;1;1;1;1;1;0;0;0;0;0;0;0;0;0;0;-33,874383;-58,415719
226;2;AA;18;F;0;3;3;7;1;12;1;1;14,4;3,84;1;0;18;NSP;66;1;0;0;1;0;1;1;1;1;0;0;1;0;0;1;0;0;0;0;0;0;0;1;1;0;1;0;1;1;0;0;0;0;0;0;0;0;0;0;0;-34,911963;-56,176092
6;1;D;21;F;0;4;2,3;0;3;0;1;1;7,2;1,92;0;0;-;NAC;22;1;1;0;1;0;0;0;0;0;0;0;0;0;0;0;0;0;0;0;1;0;0;0;0;0;0;0;0;0;0;0;0;0;0;0;0;0;0;0;0;-34,865974;-56,147948
316;3;SSS;20;M;1;5,5;4,5;1,5;4;12;1;1;9,6;5,76;1;1;10,8;5,76;63;1;0;0;1;1;0;0;0;1;0;0;0;1;0;0;1;0;1;1;0;1;0;1;1;0;0;0;0;0;0;0;1;0;0;1;0;0;0;0;0;-34,856234;-55,995448
24;1;A;19;F;0;4,25;2,8;2,5;3;11;1;0;14,4;-;1;1;14,4;8,64;64;1;1;0;1;1;0;0;1;1;0;0;0;0;0;0;0;0;0;0;0;1;0;0;1;0;1;0;0;1;0;0;0;0;0;0;0;1;1;0;1;-33,791236;-57,488666
179;2;CC;18;F;0;3;1,5;5;2;12;1;0;21,6;NAC;1;0;32,4;NAC;81;1;1;1;1;1;1;1;0;1;1;0;0;0;0;0;0;0;0;0;0;1;1;1;1;0;1;1;1;1;1;0;0;0;0;0;0;0;0;0;0;-34,835622;-56,217323
303;3;TTT;18;F;0;5;2;0;4;12;0;0;7,2;S/H;1;0;3,6;0;37;0;0;0;0;0;0;0;0;0;0;1;0;0;0;0;0;0;1;1;0;1;0;0;0;0;0;0;0;0;0;0;0;0;0;0;0;0;0;0;0;-34,885672;-56,07959
68;1;H;18;F;0;1,5;1,8;2;3;10,5;1;1;14,4;3,84;1;1;14,4;5,76;61;1;0;0;1;1;1;0;1;1;0;0;0;0;0;0;0;1;0;0;1;0;0;0;0;1;1;1;1;0;0;0;0;0;1;0;0;0;0;1;0;-34,887962;-56,183558
212;2;EE;19;F;0;4;3;6;2;12;1;1;16,8;1,92;1;1;18;8,64;76;1;0;0;1;1;1;0;1;1;1;0;1;0;0;0;0;0;0;0;0;1;0;0;0;0;0;1;1;1;1;0;0;1;1;0;1;0;0;0;0;-34,726994;-56,215967
309;3;III;19;F;0;0,6;1,3;S/H;S/H;S/H;1;0;9,6;NSP;0;0;NSP;NAC;12;1;0;0;1;1;1;0;0;0;0;0;0;0;0;0;0;0;0;0;0;0;0;0;0;0;0;0;0;0;0;0;0;0;0;0;0;0;0;0;0;-34,909478;-56,172408
39;1;A;19;F;0;3,5;2,8;4,5;3;11;1;1;12;3,84;1;1;25,2;5,76;75;1;0;0;1;1;0;1;1;0;0;0;1;0;0;0;0;0;0;0;1;1;1;1;1;1;1;1;0;0;0;0;0;0;0;0;0;0;0;1;1;-34,905079;-56,203061
54;1;H;19;F;1;4;1,8;0;-;0;1;0;7,2;-;0;0;-;NAC;13;1;0;0;1;1;0;0;0;0;0;0;0;0;0;0;0;0;0;0;0;0;0;0;0;0;0;0;0;0;0;0;0;0;0;0;0;0;0;0;0;-34,91802;-56,159722
286;3;GGG;19;F;0;5,3;3,8;0,5;2;S/H;1;1;2,4;0;0;0;NSP;NAC;18;0;0;0;0;1;0;0;0;0;0;0;0;0;0;0;0;0;0;0;0;0;0;0;0;0;0;0;0;0;0;0;0;0;0;0;0;0;0;0;0;-34,877018;-56,157422
317;3;QQQ;19;F;0;5,5;5;0,5;4;11;1;1;9,6;1,92;1;1;3,6;8,64;53;1;0;0;1;1;0;0;1;0;0;0;1;0;0;0;0;0;0;0;0;0;1;0;0;0;0;0;0;0;0;0;0;1;0;0;1;1;0;0;0;-34,895003;-56,187404
116;1;P;19;F;0;8;2,4;5;3;11;1;0;21,6;-;1;1;25,2;5,76;86;1;1;1;1;1;1;0;1;1;1;0;0;0;0;0;0;0;0;0;0;1;0;0;1;1;1;1;1;0;1;0;0;1;0;0;0;0;0;1;0;-34,875831;-56,143795
206;2;AA;19;F;0;3;3;4;1;12;1;1;7,2;1,92;1;1;14,4;14,4;65;1;0;0;1;0;0;1;0;0;0;0;0;0;0;0;0;0;1;0;0;1;0;0;0;0;1;0;1;1;0;0;0;1;1;1;0;1;0;0;1;-32,186965;-55,009642
36;1;Q;19;F;0;6;2;7,5;3;11;1;1;14,4;5,76;1;1;21,6;11,52;87;1;1;0;1;0;1;0;1;1;0;0;0;1;0;1;0;1;0;0;0;1;1;0;1;1;1;0;0;1;0;0;0;1;0;0;0;1;1;0;1;-34,890106;-54,973575
10;1;G;20;F;0;6;3;6;3;11;1;1;12;5,76;1;0;32,4;NSP;83;1;1;0;1;0;1;0;0;1;0;0;0;0;0;0;0;1;1;0;1;1;0;1;1;1;1;1;1;1;1;0;0;0;0;0;0;0;0;0;0;-34,905502;-56,185115
8;1;F;22;F;1;0;2,4;0;3;0;1;0;2,4;-;0;0;-;NAC;10;0;0;0;1;0;0;0;0;0;0;0;0;0;0;0;0;0;0;0;0;0;0;0;0;0;0;0;0;0;0;0;0;0;0;0;0;0;0;0;0;-34,855907;-56,200092
80;1;Q;18;F;0;NO;NO;NO;NO;NO;1;0;NO;NO;0;0;NO;NO;NO;0;0;0;0;0;0;0;0;0;0;0;0;0;0;0;0;0;0;0;0;0;0;0;0;0;0;0;0;0;0;0;0;0;0;0;0;0;0;0;0;-34,77428;-55,759025
26;1;J;19;F;0;0;3;0;-;0;1;0;0;-;0;0;-;NAC;3;0;0;0;0;0;0;0;0;0;0;0;0;0;0;0;0;0;0;0;0;0;0;0;0;0;0;0;0;0;0;0;0;0;0;0;0;0;0;0;0;-34,419558;-57,451595
285;3;SSS;19;F;0;4;4,5;1;4;12;1;1;9,6;3,84;1;1;3,6;0;45;1;0;0;1;1;0;0;1;0;0;0;0;1;0;0;0;1;0;0;0;0;1;0;0;0;0;0;0;0;0;0;0;0;0;0;0;0;0;0;0;-34,852294;-56,173809
331;3;RRR;19;M;1;7,8;4;2;4;12;1;1;14,4;3,84;1;1;7,2;11,52;70;1;0;0;1;1;1;1;0;1;0;1;0;1;0;0;0;0;0;0;1;1;1;0;0;0;0;0;0;0;0;0;0;1;1;1;1;0;0;0;0;-34,728057;-56,225679
84;1;J;22;M;2;4,5;3;2,5;3;5,5;1;1;12;0;1;0;3,6;NAC;37;1;1;0;1;1;0;1;0;0;0;0;0;0;0;0;0;0;0;0;0;1;0;0;0;0;0;0;0;0;0;0;0;0;0;0;0;0;0;0;0;-34,877873;-56,254099
46;1;U;19;F;0;1,5;2,5;0;3;8;1;1;2,4;0;1;0;0;NSP;19;1;0;0;0;0;0;0;0;0;0;0;0;0;0;0;0;0;0;0;0;0;0;0;0;0;0;0;0;0;0;0;0;0;0;0;0;0;0;0;0;-32,322642;-58,051701
289;3;BBB;19;F;0;9;4;1;4;12;1;1;16,8;1,92;1;0;18;NSP;70;1;1;0;1;1;0;1;0;1;1;0;0;0;0;0;0;0;1;0;0;1;1;0;0;0;0;0;1;1;1;0;0;0;0;0;0;0;0;0;0;-34,886395;-56,113536
118;1;J;18;F;0;6;3;3,5;3;5,5;1;1;14,4;7,68;1;0;25,2;NSP;72;1;0;0;1;1;1;0;0;1;1;0;1;1;0;0;0;1;1;0;0;1;1;1;1;1;1;0;0;1;0;0;0;0;0;0;0;0;0;0;0;-34,891715;-56,057512
241;3;OOO;22;M;2;2;3,5;0;4;S/H;1;1;7,2;0;0;0;NSP;NAC;20;0;0;0;1;1;0;1;0;0;0;0;0;0;0;0;0;0;0;0;0;0;0;0;0;0;0;0;0;0;0;0;0;0;0;0;0;0;0;0;0;-34,900765;-56,167921
35;1;R;19;F;0;5;2,8;4,5;3;12;1;0;24;-;1;1;28,8;2,88;87;1;1;1;1;1;1;1;1;1;1;0;0;0;0;0;0;0;0;0;0;1;1;1;1;0;1;0;1;1;1;0;0;0;0;0;0;1;0;0;0;-34,893165;-56,144676
175;2;KK;18;F;0;3;3;1;sh;0;0;1;0;1,92;0;0;NSP;NAC;11;0;0;0;0;0;0;0;0;0;0;1;0;0;0;0;0;0;0;0;0;0;0;0;0;0;0;0;0;0;0;0;0;0;0;0;0;0;0;0;0;-34,860448;-55,283902
313;3;III;20;F;1;2;1,3;S/H;S/H;S/H;1;0;0;NSP;0;0;NSP;NAC;7;0;0;0;0;0;0;0;0;0;0;0;0;0;0;0;0;0;0;0;0;0;0;0;0;0;0;0;0;0;0;0;0;0;0;0;0;0;0;0;0;-34,885909;-56,164742
198;2;II;20;M;2;1;3;4;1;11;1;1;14,4;1,92;1;1;7,2;11,52;58;1;0;0;1;1;1;1;1;0;0;0;0;0;0;0;0;0;0;0;1;0;0;0;0;0;0;1;0;1;0;0;0;1;1;1;1;0;0;0;0;-34,824605;-56,154973
150;2;KK;20;F;0;1;3;4;2;12;1;1;12;0;1;0;3,6;NAC;41;0;0;0;1;0;1;1;1;1;0;0;0;0;0;0;0;0;0;0;0;1;0;0;0;0;0;0;0;0;0;0;0;0;0;0;0;0;0;0;0;-34,875405;-56,099035
227;2;GG;19;F;0;1;3;3;3;10;1;1;14,4;0;1;1;14,4;14,4;67;1;0;0;1;1;1;1;1;0;0;0;0;0;0;0;0;0;0;0;0;1;0;0;0;0;0;0;1;1;1;0;1;0;1;1;1;1;0;0;0;-34,89019437;-56,13996906
200;2;EE;18;F;0;1;3;0;sh;0;1;1;7,2;0;1;0;0;NAC;11;1;0;0;1;1;0;0;0;0;0;0;0;0;0;0;0;0;0;0;0;0;0;0;0;0;0;0;0;0;0;0;0;0;0;0;0;0;0;0;0;-34,816351;-56,015011
243;3;EEE;21;M;1;2,7;3,8;S/H;4;12;1;0;7,2;0;1;0;7,2;NSP;40;1;0;0;1;1;0;0;0;0;0;0;0;0;0;0;0;0;0;0;0;0;0;0;0;0;1;0;1;0;0;0;0;0;0;0;0;0;0;0;0;-30,721832;-57,328389
135;2;FF;20;F;0;0;3;5;3;12;1;0;19,2;NAC;1;1;21,6;11,52;75;1;1;1;1;1;0;0;1;1;1;0;0;0;0;0;0;0;0;0;0;1;1;0;0;0;1;0;1;1;1;0;0;1;1;1;0;1;0;0;0;-34,107301;-56,213689
274;3;FFF;19;F;0;6,866666667;3,5;2;4;12;1;1;19,2;3,84;1;1;18;5,76;79;1;1;0;1;1;1;1;1;1;0;0;0;1;0;0;0;0;0;0;1;1;1;0;1;0;1;1;0;0;0;0;0;1;0;0;0;0;1;0;0;-34,640915;-56,237908
170;2;KK;19;F;0;6;3;6;2;12;1;1;16,8;1,92;1;0;21,6;NAC;73;1;0;1;1;0;1;1;1;1;0;0;0;0;0;0;0;0;0;0;1;1;0;1;1;1;0;1;0;0;1;0;0;0;0;0;0;0;0;0;0;-34,888081;-56,10806
210;2;II;18;F;0;2;3;5;1;11;1;1;12;3,84;0;0;NSP;NAC;41;1;0;0;1;0;1;0;1;1;0;0;1;0;0;0;0;0;0;0;1;0;0;0;0;0;0;0;0;0;0;0;0;0;0;0;0;0;0;0;0;-34,89273;-56,129592
106;1;G;19;F;0;5;3;6;3;11;1;1;21,6;1,92;1;0;32,4;NSP;87;1;1;1;1;0;1;1;1;1;1;0;0;0;0;1;0;0;0;0;0;1;1;0;1;1;1;1;1;1;1;0;0;0;0;0;0;0;0;0;0;-34,882047;-56,076821
266;3;UUU;19;F;0;5,5;5,9;0;4;12;1;1;7,2;NSP;1;1;18;5,76;62;1;0;0;1;0;0;0;0;1;0;0;0;0;0;0;0;0;0;0;0;1;1;1;0;1;0;0;1;0;0;0;0;0;0;0;1;1;0;0;0;-34,913988;-56,15288
231;2;FF;21;F;0;5;3;7;3;12;1;0;19,2;NSP;1;1;18;8,64;80;1;0;0;1;1;1;1;1;1;1;0;0;0;0;0;0;0;0;0;0;1;0;1;0;0;1;1;1;0;0;0;1;0;1;0;0;0;0;0;1;-34,90815;-56,197014
19;1;N;19;F;0;3;1,5;3,5;3;12;1;1;12;5,76;1;1;21,6;0;66;1;0;0;1;1;0;1;0;1;0;0;1;0;0;0;0;0;1;0;1;1;1;1;1;0;1;1;0;0;0;0;0;0;0;0;0;0;0;0;0;-34,889608;-56,109627
164;2;HH;19;F;0;4;3;7;1;11;1;1;16,8;1,92;1;0;25,2;NAC;74;1;0;1;1;0;0;1;1;1;1;0;0;0;0;0;1;0;0;0;0;1;1;1;1;0;1;1;0;1;0;0;0;0;0;0;0;0;0;0;0;-34,913529;-56,150104
44;1;N;19;F;0;2,5;2,6;5;3;12;1;1;16,8;3,84;1;1;18;14,4;82;1;0;0;1;1;1;1;1;1;0;0;1;0;0;0;0;0;0;0;1;1;1;0;0;1;1;0;0;1;0;0;0;1;1;0;0;1;1;0;1;-34,093565;-56,219247
207;2;MM;18;F;0;2;3;7;2;10;1;1;16,8;3,84;1;0;32,4;NAC;81;1;0;0;1;1;0;1;1;1;1;0;1;1;0;0;0;0;0;0;0;1;1;1;1;0;1;1;1;1;1;0;0;0;0;0;0;0;0;0;0;-34,51889;-56,286261
220;2;GG;18;M;0;2;3;0;3;0;1;1;7,2;0;0;0;NSP;NAC;19;1;0;0;0;0;0;0;1;0;1;0;0;0;0;0;0;0;0;0;0;0;0;0;0;0;0;0;0;0;0;0;0;0;0;0;0;0;0;0;0;-34,821051;-56,194246
157;2;HH;19;F;0;0;3;2;1;11;1;1;12;1,92;1;0;10,8;NAC;46;1;0;0;1;1;0;1;0;1;0;0;0;0;0;0;0;0;1;0;0;0;1;0;0;0;0;1;0;0;1;0;0;0;0;0;0;0;0;0;0;-34,832637;-56,164568
103;1;M;19;F;0;4,5;2,4;2,5;3;0;1;1;14,4;1,92;0;0;-;NAC;32;1;0;0;1;1;1;0;1;1;0;0;0;0;0;0;0;0;0;0;1;0;0;0;0;0;0;0;0;0;0;0;0;0;0;0;0;0;0;0;0;-34,837182;-56,119358
99;1;P;19;F;0;5;2,4;3,5;3;11;1;1;9,6;5,76;1;1;10,8;14,4;69;1;0;0;1;1;0;0;0;1;0;0;1;0;0;0;0;0;1;0;1;1;0;1;0;0;0;0;0;1;0;0;1;0;1;0;0;1;1;0;1;-34,896444;-56,167192
22;1;R;19;F;0;2,5;2,8;3,5;3;11,5;1;1;12;5,76;1;1;10,8;8,64;64;1;0;0;1;1;1;0;1;0;0;0;1;0;0;0;0;1;0;0;1;1;0;0;1;0;0;0;0;1;0;0;0;0;0;0;1;1;1;0;0;-34,822111;-56,100163
333;3;FFF;19;F;0;2,8;3,5;S/H;S/H;S/H;1;1;2,4;0;0;0;0;NAC;9;0;0;0;1;0;0;0;0;0;0;0;0;0;0;0;0;0;0;0;0;0;0;0;0;0;0;0;0;0;0;0;0;0;0;0;0;0;0;0;0;-34,733796;-56,032748
90;1;S;18;F;0;1;2,3;1;3;0;1;1;2,4;3,84;0;0;-;NAC;17;0;0;0;1;0;0;0;0;0;0;1;0;0;0;0;0;0;1;0;0;0;0;0;0;0;0;0;0;0;0;0;0;0;0;0;0;0;0;0;0;-33,388826;-56,536828
238;3;III;25;M;0;0;3,3;0;2,5;S/H;1;0;0;NSP;0;0;NSP;NAC;6;0;0;0;0;0;0;0;0;0;0;0;0;0;0;0;0;0;0;0;0;0;0;0;0;0;0;0;0;0;0;0;0;0;0;0;0;0;0;0;0;-34,896675;-54,814483
48;1;A;19;F;0;8;2,8;6;3;11;1;0;24;-;1;0;32,4;NAC;91;1;1;1;1;1;1;1;1;1;1;0;0;0;0;0;0;0;0;0;0;1;0;1;1;0;1;1;1;1;1;0;0;0;0;0;0;0;0;0;0;-34,845735;-56,207313
262;3;PPP;20;M;1;2;4;1;2;S/H;1;1;7,2;1,92;1;0;0;NAC;21;1;0;0;1;0;0;0;0;1;0;0;0;0;0;1;0;0;0;0;0;0;0;0;0;0;0;0;0;0;0;0;0;0;0;0;0;0;0;0;0;-34,959454;-54,940787
330;3;LLL;18;F;0;4,2;3,5;S/H;S/H;S/H;1;1;4,8;0;0;0;NSP;NAC;16;0;0;0;1;1;0;0;0;0;0;0;0;0;0;0;0;0;0;0;0;0;0;0;0;0;0;0;0;0;0;0;0;0;0;0;0;0;0;0;0;-34,903383;-56,182247
253;3;QQQ;20;F;0;8;5;1;4;11;1;0;16,8;NSP;1;1;14,4;11,52;75;1;1;0;1;1;1;1;0;1;0;0;0;0;0;0;0;0;0;0;0;1;0;1;1;0;0;1;0;0;0;0;0;0;0;1;1;0;1;1;0;-34,913482;-56,161879
41;1;T;19;F;0;1;1,3;4,5;3;0;1;0;4,8;-;1;0;3,6;NAC;22;0;0;0;1;1;0;0;0;0;0;0;0;0;0;0;0;0;0;0;0;1;0;0;0;0;0;0;0;0;0;0;0;0;0;0;0;0;0;0;0;-34,868332;-56,200194
284;3;BBB;20;M;1;3,333333333;4;2;4;12;1;1;7,2;0;1;1;0;0;36;0;0;0;1;1;0;0;1;0;0;0;0;0;0;0;0;0;0;0;0;0;0;0;0;0;0;0;0;0;0;0;0;0;0;0;0;0;0;0;0;-34,850004;-56,029601
77;1;E;19;F;0;3,5;3;1,5;3;11,5;1;1;9,6;3,84;1;1;10,8;11,52;62;1;0;0;1;1;0;0;1;0;0;0;0;0;0;0;0;1;0;0;1;1;0;1;1;0;0;0;0;0;0;0;0;0;0;1;1;0;1;1;0;-34,851992;-56,186164
29;1;S;19;F;0;8;2,3;5,5;3;12;1;0;24;-;1;0;28,8;NAC;87;1;1;1;1;1;1;1;1;1;1;0;0;0;0;0;0;0;0;0;0;1;1;1;1;1;1;1;1;0;0;0;0;0;0;0;0;0;0;0;0;-34,848631;-56,183491
16;1;D;21;F;1;1,5;2,3;0;-;0;1;1;2,4;1,92;0;0;-;NAC;11;0;0;0;0;0;0;0;0;1;0;0;0;0;0;0;0;0;0;0;1;0;0;0;0;0;0;0;0;0;0;0;0;0;0;0;0;0;0;0;0;-34,90941;-56,18665
315;3;GGG;19;F;1;1,7;3,8;0;2;S/H;1;1;4,8;0;0;0;NSP;NAC;15;1;0;0;0;0;0;1;0;0;0;0;0;0;0;0;0;0;0;0;0;0;0;0;0;0;0;0;0;0;0;0;0;0;0;0;0;0;0;0;0;-34,863405;-56,231325
119;1;B;19;F;0;1;1,4;5;1,5;9,5;1;1;14,4;3,84;1;1;18;11,52;70;1;1;0;1;1;0;1;1;0;0;0;0;0;0;0;0;0;0;1;1;0;0;0;0;1;1;1;1;1;0;1;1;1;1;0;0;0;0;0;0;-34,88662;-56,063165
144;2;CC;19;M;1;0;1,5;0;2;0;1;0;7,2;NSP;0;0;NSP;NAC;14;1;0;0;1;1;0;0;0;0;0;0;0;0;0;0;0;0;0;0;0;0;0;0;0;0;0;0;0;0;0;0;0;0;0;0;0;0;0;0;0;-34,88076;-56,117365
301;3;TTT;20;F;0;0;5;S/H;S/H;S/H;1;0;0;NSP;0;0;NSP;NAC;5;0;0;0;0;0;0;0;0;0;0;0;0;0;0;0;0;0;0;0;0;0;0;0;0;0;0;0;0;0;0;0;0;0;0;0;0;0;0;0;0;-34,892471;-56,135748
219;2;PP;18;F;0;0;1,5;0;sh;0;1;0;2,4;NSP;0;0;NSP;NAC;7;1;0;0;0;0;0;0;0;0;0;0;0;0;0;0;0;0;0;0;0;0;0;0;0;0;0;0;0;0;0;0;0;0;0;0;0;0;0;0;0;-33,22714;-54,374177
163;2;EE;19;F;0;4;3;5;2;12;1;0;12;NSP;1;0;21,6;NSP;63;0;0;0;1;0;1;1;1;1;0;0;0;0;0;0;0;0;0;0;0;0;1;0;1;1;1;1;0;1;0;0;0;0;0;0;0;0;0;0;0;-34,803186;-55,908756
288;3;RRR;19;F;0;8;3;2;4;12;1;1;16,8;5,76;1;1;21,6;8,64;85;1;1;0;1;0;1;0;1;1;1;0;0;1;0;1;0;1;0;0;0;1;1;0;1;0;0;1;0;1;1;0;0;1;0;0;1;0;1;0;0;-34,882297;-56,154896
278;3;GGG;19;F;0;4,3;3,8;0,5;2;S/H;1;1;7,2;0;0;0;NSP;NAC;21;1;0;0;1;0;0;1;0;0;0;0;0;0;0;0;0;0;0;0;0;0;0;0;0;0;0;0;0;0;0;0;0;0;0;0;0;0;0;0;0;-34,71242;-55,959343
122;2;FF;27;F;4;3;3;3;3;12;1;0;16,8;NSP;1;0;14,4;NAC;59;1;0;0;1;1;1;1;1;1;0;0;0;0;0;0;0;0;0;0;0;1;0;0;0;0;1;1;0;1;0;0;0;0;0;0;0;0;0;0;0;-34,871601;-56,122796
38;1;T;19;F;0;NO;NO;NO;NO;NO;1;1;NO;NO;0;0;NO;NO;NO;1;0;0;1;1;0;0;0;1;0;0;0;0;0;0;1;0;1;0;0;0;0;0;0;0;0;0;0;0;0;0;0;0;0;0;0;0;0;0;0;-34,716627;-55,969174
165;2;GG;19;F;0;8;3;7;3;8;1;0;16,8;NSP;1;0;21,6;NSP;71;1;1;0;1;1;0;1;1;1;0;0;0;0;0;0;0;0;0;0;0;1;0;1;1;0;0;1;1;1;0;0;0;0;0;0;0;0;0;0;0;-34,889506;-56,162295
50;1;F;19;F;0;7;2,4;3,5;3;9,5;1;1;9,6;9,6;1;1;7,2;14,4;70;0;0;0;1;1;0;1;0;1;0;1;1;0;0;0;1;0;1;0;1;1;0;0;1;0;0;0;0;0;0;0;0;1;0;0;1;1;1;1;0;-34,885071;-56,084982
113;1;A;19;F;0;0;2,8;1;3;0;1;1;2,4;0;0;0;-;NAC;9;0;0;0;1;0;0;0;0;0;0;0;0;0;0;0;0;0;0;0;0;0;0;0;0;0;0;0;0;0;0;0;0;0;0;0;0;0;0;0;0;-34,898623;-54,951748
60;1;N;19;F;0;4;2,6;1;3;8;1;0;9,6;-;1;1;7,2;0;38;0;0;0;1;1;0;0;0;1;1;0;0;0;0;0;0;0;0;0;0;1;0;1;0;0;0;0;0;0;0;0;0;0;0;0;0;0;0;0;0;-34,905422;-56,186053
34;1;O;19;F;0;0;2,5;0;-;0;1;0;0;-;0;0;-;NAC;3;0;0;0;0;0;0;0;0;0;0;0;0;0;0;0;0;0;0;0;0;0;0;0;0;0;0;0;0;0;0;0;0;0;0;0;0;0;0;0;0;-34,864723;-56,153991
218;2;NN;18;F;0;3;3;5;3;9;1;1;4,8;3,84;1;0;7,2;NAC;42;1;0;0;1;0;0;0;0;0;0;0;0;0;0;1;0;0;1;0;0;0;0;0;0;0;1;1;0;0;0;0;0;0;0;0;0;0;0;0;0;-34,767908;-55,654451
158;2;KK;19;F;0;0;3;1;2;0;1;1;0;1,92;1;0;0;NAC;8;0;0;0;0;0;0;0;0;0;0;0;0;0;0;0;0;0;1;0;0;0;0;0;0;0;0;0;0;0;0;0;0;0;0;0;0;0;0;0;0;-34,899336;-56,17545
311;3;JJJ;19;F;0;0,5;0,3;0;0;S/H;1;1;2,4;1,92;1;0;3,6;NAC;12;0;0;0;1;0;0;0;0;0;0;0;0;0;0;1;0;0;0;0;0;1;0;0;0;0;0;0;0;0;0;0;0;0;0;0;0;0;0;0;0;-34,629647;-54,154641
134;2;MM;20;F;1;5;3;5;2;9;1;1;19,2;0;1;0;14,4;NAC;61;1;1;0;1;1;1;1;1;1;0;0;0;0;0;0;0;0;0;0;0;1;0;0;1;0;1;1;0;0;0;0;0;0;0;0;0;0;0;0;0;-34,520089;-56,276425
305;3;CCC;18;F;0;0,7;5;0;4;10;1;1;4,8;3,84;1;0;0;NSP;31;1;0;0;0;0;0;0;0;1;0;0;0;0;1;0;0;0;1;0;0;0;0;0;0;0;0;0;0;0;0;0;0;0;0;0;0;0;0;0;0;-34,835112;-56,164361
66;1;R;18;F;0;7;2,8;4,5;3;12;1;1;12;5,76;1;1;14,4;11,52;77;1;0;0;1;0;0;1;1;1;0;0;1;1;0;0;0;0;0;0;1;1;0;1;1;0;1;0;0;0;0;0;1;0;0;1;0;1;0;1;0;-34,880261;-56,1059
186;2;EE;18;F;0;0;3;0;sh;0;0;1;0;1,92;0;0;NSP;NAC;5;0;0;0;0;0;0;0;0;0;0;0;0;0;0;0;0;0;1;0;0;0;0;0;0;0;0;0;0;0;0;0;0;0;0;0;0;0;0;0;0;-34,902817;-56,203065
215;2;PP;19;F;0;1;1,5;4;1;12;1;0;14,4;NAC;1;1;14,4;11,52;63;1;0;0;1;1;0;1;1;1;0;0;0;0;0;0;0;0;0;0;0;1;0;0;0;0;0;0;1;1;1;0;0;1;1;0;1;1;0;0;0;-32,372517;-54,175775
115;1;B;19;F;0;4;1,4;0;1,5;0;1;0;9,6;1,92;0;0;-;NAC;21;1;0;0;1;1;0;1;0;0;0;0;0;0;0;0;0;0;1;0;0;0;0;0;0;0;0;0;0;0;0;0;0;0;0;0;0;0;0;0;0;-34,853371;-56,194525
69;1;K;18;F;0;5;2,6;4,5;3;10;1;1;16,8;0;1;1;21,6;2,88;70;1;0;0;1;1;0;1;1;1;1;0;0;0;0;0;0;0;0;0;0;1;1;0;0;1;1;1;1;0;0;0;0;1;0;0;0;0;0;0;0;-34,907677;-56,159853
184;2;HH;18;F;0;3;3;6;1;9;1;1;16,8;3,84;1;0;18;NSP;64;1;0;1;1;1;0;1;1;1;0;0;1;0;0;0;1;0;0;0;0;1;0;0;0;0;1;1;1;0;1;0;0;0;0;0;0;0;0;0;0;-34,830153;-55,955833
337;3;OOO;18;F;0;0,5;3,5;0;4;S/H;1;1;7,2;0;0;0;NSP;NAC;19;0;0;0;1;0;1;0;1;0;0;0;0;0;0;0;0;0;0;0;0;0;0;0;0;0;0;0;0;0;0;0;0;0;0;0;0;0;0;0;0;-34,86927;-56,165856
161;2;JJ;21;F;0;5;3;9;3;7;1;1;16,8;3,84;1;0;32,4;NAC;84;1;0;0;1;0;1;1;1;1;1;0;1;0;0;1;0;0;0;0;0;1;1;1;1;1;1;0;1;1;1;0;0;0;0;0;0;0;0;0;0;-34,893514;-56,161411
98;1;N;19;F;0;7;2,6;3,5;3;12;1;1;14,4;1,92;1;1;7,2;2,88;58;1;1;0;1;1;0;0;1;1;0;0;0;0;0;0;0;0;0;0;1;0;0;1;0;0;1;0;0;0;0;0;0;0;1;0;0;0;0;0;0;-34,8788;-56,151005
97;1;D;19;F;0;0;2,3;0;3;0;1;1;4,8;1,92;0;0;-;NAC;15;1;0;0;0;0;0;0;0;1;0;0;0;0;0;0;0;0;1;0;0;0;0;0;0;0;0;0;0;0;0;0;0;0;0;0;0;0;0;0;0;-34,939455;-54,934033
154;2;EE;19;F;0;2;3;2;2;11;1;1;14,4;1,92;1;1;14,4;8,64;63;1;0;0;1;0;1;0;1;1;1;0;1;0;0;0;0;0;0;0;0;0;0;0;1;1;1;0;0;1;0;0;1;1;0;0;0;0;1;0;0;-33,148955;-58,281374
176;2;BB;19;F;1;4;1,5;4;3;12;1;1;19,2;0;1;0;18;NSP;65;1;0;0;1;1;1;1;1;1;1;0;0;0;0;0;0;0;0;0;0;1;0;0;1;0;1;1;1;0;0;0;0;0;0;0;0;0;0;0;0;-34,849296;-56,139763
40;1;G;19;F;0;7;3;5;3;11;1;1;14,4;5,76;1;1;18;8,64;79;1;0;0;1;1;1;0;0;1;1;0;0;1;0;0;0;1;1;0;0;1;0;1;1;0;1;0;0;1;0;0;1;0;0;1;0;0;1;0;0;-34,56073;-56,741503
290;3;JJJ;19;F;0;2,1;0,3;1;0;S/H;1;1;7,2;3,84;0;0;NSP;NAC;18;1;0;0;1;0;0;1;0;0;0;0;0;0;0;0;0;0;1;0;1;0;0;0;0;0;0;0;0;0;0;0;0;0;0;0;0;0;0;0;0;-34,911394;-56,179273
12;1;R;20;M;2;4,5;2,8;3,5;3;8;1;1;12;0;1;0;10,8;NAC;48;0;1;0;1;1;0;0;1;1;0;0;0;0;0;0;0;0;0;0;0;1;0;0;1;0;1;0;0;0;0;0;0;0;0;0;0;0;0;0;0;-34,888968;-56,187549
258;3;LLL;20;F;1;9,8;3,5;2;4;12;1;0;16,8;NSP;1;0;18;NSP;70;1;0;0;1;1;1;1;1;1;0;0;0;0;0;0;0;0;0;0;0;0;1;1;1;1;1;0;0;0;0;0;0;0;0;0;0;0;0;0;0;-34,767874;-56,007421
83;1;C;19;F;0;1,5;1;0;-;0;1;1;7,2;0;0;0;-;NAC;10;1;0;0;1;0;0;0;0;1;0;0;0;0;0;0;0;0;0;0;0;0;0;0;0;0;0;0;0;0;0;0;0;0;0;0;0;0;0;0;0;-34,822121;-56,107679
173;2;BB;18;F;0;1;1,5;0;sh;0;1;0;0;NSP;0;0;NSP;NAC;3;0;0;0;0;0;0;0;0;0;0;0;0;0;0;0;0;0;0;0;0;0;0;0;0;0;0;0;0;0;0;0;0;0;0;0;0;0;0;0;0;-34,90551;-56,169986
275;3;PPP;19;F;0;0,5;4;0;2;S/H;1;1;0;0;0;0;NSP;NAC;9;0;0;0;0;0;0;0;0;0;0;0;0;0;0;0;0;0;0;0;0;0;0;0;0;0;0;0;0;0;0;0;0;0;0;0;0;0;0;0;0;-34,763867;-56,015157
280;3;AAA;19;F;0;2;2,2;0;4;S/H;1;1;0;0;0;0;NSP;NAC;12;0;0;0;0;0;0;0;0;0;0;0;0;0;0;0;0;0;0;0;0;0;0;0;0;0;0;0;0;0;0;0;0;0;0;0;0;0;0;0;0;-34,902978;-56,152052
123;2;DD;22;M;3;6;3;7;3;12;1;1;14,4;1,92;1;0;18;NAC;69;0;0;1;1;1;1;1;0;1;0;1;0;0;0;0;0;0;0;0;0;1;0;0;1;0;1;0;1;1;0;0;0;0;0;0;0;0;0;0;0;-34,441904;-57,853256
224;2;PP;19;M;0;3;1,5;6;1;12;1;0;16,8;NAC;1;1;14,4;11,52;70;1;0;0;1;1;1;0;1;1;1;0;0;0;0;0;0;0;0;0;0;1;0;0;0;0;1;1;0;1;0;0;1;1;1;0;0;0;1;0;0;-34,524684;-56,28121
76;1;O;19;F;0;1;2,5;0;-;0;1;0;0;-;0;0;-;NSP;4;0;0;0;0;0;0;0;0;0;0;0;0;0;0;0;0;0;0;0;0;0;0;0;0;0;0;0;0;0;0;0;0;0;0;0;0;0;0;0;0;-34,909476;-56,16043
86;1;C;18;F;0;1,5;1;1;1,5;0;1;1;9,6;3,84;1;0;0;NAC;21;1;0;0;1;1;0;0;0;1;0;0;0;0;0;0;0;1;1;0;0;0;0;0;0;0;0;0;0;0;0;0;0;0;0;0;0;0;0;0;0;-34,90081;-56,164062
111;1;J;21;M;0;7;3;4,5;3;8;1;1;14,4;5,76;1;1;18;8,64;72;1;1;1;1;0;1;0;0;1;0;0;0;0;0;1;0;0;1;0;1;1;1;1;1;0;0;0;1;0;0;0;0;0;0;1;1;0;0;1;0;-34,886702;-56,189016
273;3;NNN;26;F;1;3,5;5,3;0;4;12;1;1;7,2;0;1;1;10,8;0;46;0;0;0;1;0;0;1;0;1;0;0;0;0;0;0;0;0;0;0;0;1;0;0;0;0;0;1;1;0;0;0;0;0;0;0;0;0;0;0;0;-34,88274;-56,164386
30;1;O;19;F;0;1,5;2,5;2,5;3;11,5;1;1;9,6;3,84;1;1;14,4;14,4;66;1;0;0;1;0;1;0;0;0;1;0;0;0;0;0;0;1;1;0;0;1;0;0;1;0;0;1;1;0;0;0;1;1;0;1;1;0;0;1;0;-34,806664;-56,216491
232;2;DD;19;F;0;5;3;5;3;12;1;1;7,2;1,92;1;1;14,4;5,76;61;1;0;0;1;0;1;0;0;0;0;0;0;0;0;0;0;0;0;1;0;1;0;0;1;0;1;1;0;0;0;0;0;1;0;1;0;0;0;0;0;-34,883672;-56,177653
240;3;OOO;22;M;0;7;3,5;2;4;S/H;1;1;19,2;0;1;0;7,2;NAC;46;1;1;1;1;1;0;1;1;1;0;0;0;0;0;0;0;0;0;0;0;1;0;1;0;0;0;0;0;0;0;0;0;0;0;0;0;0;0;0;0;-34,54687;-55,87287
314;3;PPP;20;F;1;1,5;4;0;2;S/H;1;1;4,8;0;0;0;NSP;NAC;15;0;0;0;1;1;0;0;0;0;0;0;0;0;0;0;0;0;0;0;0;0;0;0;0;0;0;0;0;0;0;0;0;0;0;0;0;0;0;0;0;-34,715973;-56,193731
190;2;GG;18;F;0;1;3;4;3;6;1;1;2,4;1,92;1;0;25,2;NSP;50;0;0;0;1;0;0;0;0;0;0;0;0;0;0;0;0;0;1;0;0;1;0;1;1;0;1;1;1;0;1;0;0;0;0;0;0;0;0;0;0;-34,846034;-56,143982
295;3;MMM;19;F;0;7,7;5;2;4;12;1;1;16,8;1,92;1;1;28,8;5,76;88;1;0;0;1;1;1;1;1;1;0;0;0;0;0;0;0;0;0;0;1;1;0;0;1;1;1;1;1;1;1;0;1;1;0;0;0;0;0;0;0;-34,801617;-56,055876
323;3;QQQ;19;F;1;6;5;2;4;11;1;1;4,8;1,92;1;1;3,6;5,76;47;0;0;0;1;0;1;0;0;0;0;0;0;0;0;0;0;0;1;0;0;0;1;0;0;0;0;0;0;0;0;0;0;1;1;0;0;0;0;0;0;-34,885638;-56,140756
17;1;M;20;F;1;5;2,4;3,5;3;10;1;1;12;3,84;1;1;10,8;11,52;65;1;0;0;1;1;0;0;1;1;0;0;1;0;0;0;0;0;0;0;1;0;1;0;1;0;1;0;0;0;0;0;0;1;0;0;0;1;1;1;0;-34,906626;-56,200953
172;2;FF;19;F;0;5;3;4;3;12;1;1;16,8;1,92;1;1;10,8;11,52;72;1;0;0;1;0;1;1;1;1;1;0;1;0;0;0;0;0;0;0;0;0;0;0;1;0;1;1;0;0;0;0;0;1;0;1;0;0;1;1;0;-34,89491208;-56,1016949
247;3;UUU;21;F;0;10,5;5,9;2;4;12;1;1;16,8;5,76;1;1;14,4;11,52;87;1;1;0;1;1;1;0;1;1;0;0;0;1;0;0;0;1;0;0;1;1;1;0;0;1;0;0;1;0;0;0;0;1;0;0;1;1;0;0;1;-34,819652;-56,172062
174;2;-;19;F;0;3,5;4;S/H;S/H;S/H;0;0;4,8;1,92;0;0;NSP;NAC;17;0;0;0;0;0;0;0;0;0;0;0;0;0;0;0;0;0;0;0;0;0;0;0;0;0;0;0;0;0;0;0;0;0;0;0;0;0;0;0;0;-34,8789;-56,165516
27;1;I;19;F;0;4,25;2,8;2,5;3;11;1;1;16,8;5,76;1;1;21,6;11,52;83;1;1;0;1;1;1;1;0;1;0;0;0;1;0;0;0;0;1;0;1;1;0;0;1;1;1;0;1;1;0;0;1;1;0;0;0;1;0;0;1;-34,825266;-55,990205
328;3;JJJ;19;F;0;0;0,3;0;0;S/H;1;0;NO;NO;1;0;NO;NO;NO;0;0;0;0;0;0;0;0;0;0;0;0;0;0;0;0;0;0;0;0;0;0;0;0;0;0;0;0;0;0;0;0;0;0;0;0;0;0;0;0;-34,889064;-56,126583
169;2;FF;19;M;0;0;3;2;3;0;1;1;2,4;0;0;0;NSP;NAC;10;0;0;0;1;0;0;0;0;0;0;0;0;0;0;0;0;0;0;0;0;0;0;0;0;0;0;0;0;0;0;0;0;0;0;0;0;0;0;0;0;-34,90977;-56,164017
56;1;H;19;F;0;2;1,8;3,5;3;10,5;1;1;9,6;5,76;1;1;7,2;14,4;61;1;0;0;1;1;1;0;0;0;0;0;0;0;0;0;0;0;1;1;1;1;0;0;0;0;1;0;0;0;0;0;1;1;1;0;0;1;0;1;0;-33,531511;-56,898697
57;1;K;18;F;0;1;-;3,5;3;10;1;1;9,6;7,68;1;1;14,4;11,52;63;0;0;0;1;1;1;0;1;0;0;1;0;1;0;0;0;1;0;0;1;1;0;0;1;0;0;1;0;0;1;0;0;1;0;0;1;0;1;1;0;-34,84686436;-55,97860046
147;2;KK;19;F;0;0;3;2;2;12;1;1;9,6;0;1;0;3,6;NAC;35;1;0;0;1;0;0;1;1;0;0;0;0;0;0;0;0;0;0;0;0;1;0;0;0;0;0;0;0;0;0;0;0;0;0;0;0;0;0;0;0;-34,870956;-56,102524
188;2;HH;19;F;0;3;3;3;1;9;1;1;9,6;0;1;0;7,2;NAC;36;1;0;0;1;0;1;0;1;0;0;0;0;0;0;0;0;0;0;0;0;1;0;0;0;0;1;0;0;0;0;0;0;0;0;0;0;0;0;0;0;-34,813433;-56,226208
148;2;OO;19;F;0;3;3;2;2;12;1;1;12;5,76;1;1;14,4;8,64;66;1;0;0;1;1;0;1;0;1;0;0;0;0;0;0;1;0;1;0;1;1;0;0;0;0;1;0;0;1;1;0;0;1;0;0;0;1;1;0;0;-34,905873;-56,15474
153;2;PP;19;F;0;0;1,4;0;sh;0;1;0;2,4;NSP;0;0;NSP;NAC;4;0;0;0;1;0;0;0;0;0;0;0;0;0;0;0;0;0;0;0;0;0;0;0;0;0;0;0;0;0;0;0;0;0;0;0;0;0;0;0;0;-34,87795;-56,173155
269;3;CCC;19;F;0;1,333333333;5;1;4;10;1;1;0;1,92;1;0;7,2;NSP;34;0;0;0;0;0;0;0;0;0;0;0;0;0;0;0;0;0;1;0;0;1;0;0;0;0;0;0;0;1;0;0;0;0;0;0;0;0;0;0;0;-34,908944;-56,168562
47;1;S;19;F;0;5;2,3;3,5;3;12;1;1;19,2;3,84;1;1;14,4;14,4;81;1;0;1;1;1;1;1;1;1;0;0;1;0;0;0;0;0;0;0;1;1;1;0;1;0;0;1;0;0;0;0;0;1;0;1;1;0;1;1;0;-34,89237;-56,189503
108;1;P;20;M;1;4;2,4;2;3;11;1;1;12;3,84;1;1;18;11,52;71;1;1;0;1;0;1;0;0;1;0;0;0;0;1;0;0;1;0;0;1;1;0;1;1;1;1;0;0;0;0;0;1;0;0;0;0;1;1;1;0;-34,853031;-56,15191
197;2;II;19;F;0;2;3;6;1;11;1;1;14,4;5,76;1;1;21,6;8,64;77;1;0;1;1;1;0;1;0;1;0;0;1;0;0;0;0;0;1;0;1;1;1;0;0;0;1;0;1;1;1;0;0;1;1;0;0;1;0;0;0;-34,906495;-56,164055
120;1;F;27;M;0;0;2,4;0;-;0;1;1;2,4;3,84;0;0;-;NAC;10;0;0;0;1;0;0;0;0;0;0;0;0;0;0;0;0;0;1;1;0;0;0;0;0;0;0;0;0;0;0;0;0;0;0;0;0;0;0;0;0;-34,904434;-56,207203
255;3;GGG;20;F;0;2,7;3,8;S/H;S/H;S/H;1;1;4,8;3,84;0;0;NSP;NAC;18;0;0;0;1;0;0;1;0;0;0;0;0;1;0;0;0;0;0;0;1;0;0;0;0;0;0;0;0;0;0;0;0;0;0;0;0;0;0;0;0;-34,422293;-54,571997
209;2;OO;19;F;0;3;3;0;2;0;1;1;4,8;1,92;0;0;NSP;NAC;18;0;0;0;1;0;0;0;1;0;0;0;0;0;0;0;0;0;0;0;1;0;0;0;0;0;0;0;0;0;0;0;0;0;0;0;0;0;0;0;0;-31,96429;-54,121532
182;2;NN;18;F;0;3;3;4;3;10;1;1;7,2;1,92;1;1;7,2;20,16;63;0;0;0;1;0;0;0;0;1;1;0;0;0;0;0;0;0;1;0;0;1;1;0;0;0;0;0;0;0;0;0;0;1;0;1;1;1;1;1;1;-34,936059;-54,93781
14;1;M;20;F;0;2,5;2,4;1;3;7;1;1;9,6;3,84;1;0;3,6;NAC;35;1;0;0;1;0;0;1;0;1;0;0;0;0;0;0;0;0;1;0;1;1;0;0;0;0;0;0;0;0;0;0;0;0;0;0;0;0;0;0;0;-34,869045;-56,097704
180;2;PP;18;F;0;6;1,5;7;1;12;1;0;21,6;NAC;1;0;25,2;NSP;78;1;1;1;1;1;1;1;1;1;0;0;0;0;0;0;0;0;0;0;0;0;1;1;1;0;0;1;1;1;1;0;0;0;0;0;0;0;0;0;0;-34,887069;-56,153096
293;3;NNN;19;F;0;8,333333333;5,3;2;4;12;1;1;7,2;3,84;1;0;18;NSP;64;0;0;0;1;1;0;0;0;1;0;1;0;0;0;0;0;0;1;0;0;1;1;1;1;1;0;0;0;0;0;0;0;0;0;0;0;0;0;0;0;-34,891809;-56,121633
88;1;U;18;F;0;1,75;2,5;0;3;8;1;1;4,8;3,84;1;0;0;NSP;27;1;0;0;1;0;0;0;0;0;0;0;0;1;0;0;1;0;0;0;0;0;0;0;0;0;0;0;0;0;0;0;0;0;0;0;0;0;0;0;0;-34,900382;-56,15584
31;1;C;20;M;1;4;1;2,5;1,5;0;1;0;14,4;-;1;0;0;NAC;27;1;0;0;1;1;1;1;0;1;0;0;0;0;0;0;0;0;0;0;0;0;0;0;0;0;0;0;0;0;0;0;0;0;0;0;0;0;0;0;0;-34,852688;-55,289186
42;1;O;19;F;0;0;2,5;1;3;0;1;1;9,6;1,92;1;0;3,6;NAC;24;0;0;0;1;1;0;0;1;1;0;0;0;0;0;0;0;0;0;0;1;1;0;0;0;0;0;0;0;0;0;0;0;0;0;0;0;0;0;0;0;-34,339172;-56,701925
254;3;CCC;20;M;1;4,066666667;5;0;4;10;1;1;7,2;0;1;0;0;NSP;33;0;0;0;1;1;0;0;1;0;0;0;0;0;0;0;0;0;0;0;0;0;0;0;0;0;0;0;0;0;0;0;0;0;0;0;0;0;0;0;0;-34,857209;-56,216476
335;3;AAA;18;F;0;7,7;2,2;2;4;12;0;0;2,4;SH;1;0;28,8;0;63;0;0;0;0;0;0;0;0;0;0;0;0;0;1;0;0;0;0;0;0;1;1;1;1;1;1;1;1;0;0;0;0;0;0;0;0;0;0;0;0;-34,893981;-56,09512
55;1;O;19;F;0;0;-;2;3;0;1;1;4,8;3,84;0;0;-;NAC;17;0;0;0;1;1;0;0;0;0;0;0;0;0;0;0;0;1;1;0;0;0;0;0;0;0;0;0;0;0;0;0;0;0;0;0;0;0;0;0;0;-34,89880948;-56,19085686
307;3;UUU;18;F;0;7;5,9;2;4;12;1;1;14,4;5,76;1;0;21,6;NSP;76;1;1;0;1;1;1;0;0;0;1;0;0;1;0;0;0;1;1;0;0;1;1;1;1;1;0;1;0;0;0;0;0;0;0;0;0;0;0;0;0;-34,905502;-56,185115
67;1;G;18;F;0;2,5;3;3,5;3;11;1;1;12;5,76;1;1;10,8;5,76;61;0;0;0;1;1;0;1;1;1;0;1;1;0;0;0;0;0;0;0;1;1;0;0;0;0;0;1;0;0;1;0;1;0;1;0;0;0;0;0;0;-34,702119;-55,887095
159;2;OO;19;F;0;5;3;4;2;10;1;1;14,4;3,84;1;1;3,6;11,52;61;1;1;0;1;0;1;0;1;1;0;0;0;0;0;0;0;1;0;0;1;1;0;0;0;0;0;0;0;0;0;0;0;1;0;0;1;0;1;1;0;-34,865456;-56,198772
132;2;LL;20;F;1;1;0;2;1;9;1;1;7,2;0;1;0;7,2;NAC;31;0;0;0;1;1;0;0;0;1;0;0;0;0;0;0;0;0;0;0;0;1;0;0;0;0;0;1;0;0;0;0;0;0;0;0;0;0;0;0;0;-34,886884;-56,172141
45;1;T;19;F;0;1,5;1,3;3;3;0;1;0;4,8;-;0;0;-;NAC;17;0;0;0;1;1;0;0;0;0;0;0;0;0;0;0;0;0;0;0;0;0;0;0;0;0;0;0;0;0;0;0;0;0;0;0;0;0;0;0;0;-34,756358;-55,674657
228;2;JJ;19;F;0;2;3;6;3;12;1;1;9,6;5,76;1;0;18;NSP;63;0;1;0;1;0;1;0;0;1;0;0;0;1;0;0;0;0;1;0;1;1;0;0;1;0;0;1;1;1;0;0;0;0;0;0;0;0;0;0;0;-34,924911;-56,160396
125;2;PP;23;M;1;3;1,5;4;1;12;1;0;16,8;NSP;1;0;18;NSP;60;0;1;0;1;1;1;1;1;1;0;0;0;0;0;0;0;0;0;0;0;1;0;0;0;0;1;1;1;0;1;0;0;0;0;0;0;0;0;0;0;-34,895159;-56,188291
64;1;E;18;F;0;0;3;0;-;0;1;0;2,4;-;0;0;-;NAC;5;0;0;0;0;0;0;0;1;0;0;0;0;0;0;0;0;0;0;0;0;0;0;0;0;0;0;0;0;0;0;0;0;0;0;0;0;0;0;0;0;-34,80345;-56,252548
71;1;S;18;F;0;7;2,3;4,5;3;11;1;1;19,2;3,84;1;0;36;NAC;90;1;1;0;1;1;1;1;1;1;0;0;0;1;0;0;0;0;0;0;1;1;1;1;1;1;1;1;1;1;1;0;0;0;0;0;0;0;0;0;0;-34,499299;-56,039337
297;3;NNN;19;F;0;3,7;5,3;2;4;12;1;1;9,6;3,84;1;1;10,8;8,64;63;0;1;0;1;0;0;0;1;1;0;1;0;1;0;0;0;0;0;0;0;1;1;1;0;0;0;0;0;0;0;0;0;0;0;0;0;1;1;1;0;-34,88388;-56,156785
193;2;JJ;22;F;2;0;3;0;3;0;1;1;4,8;0;0;0;NSP;NAC;14;1;0;0;1;0;0;0;0;0;0;0;0;0;0;0;0;0;0;0;0;0;0;0;0;0;0;0;0;0;0;0;0;0;0;0;0;0;0;0;0;-34,723222;-56,230379
5;1;B;24;F;1;0;1,4;0;-;0;1;1;0;0;0;0;-;NAC;1;0;0;0;0;0;0;0;0;0;0;0;0;0;0;0;0;0;0;0;0;0;0;0;0;0;0;0;0;0;0;0;0;0;0;0;0;0;0;0;0;-34,86437;-56,140633
298;3;NNN;18;F;0;1;5,3;0;4;12;1;1;0;5,76;1;1;3,6;8,64;44;0;0;0;0;0;0;0;0;0;0;1;0;1;0;0;0;0;1;0;0;0;1;0;0;0;0;0;0;0;0;0;0;0;1;0;0;1;0;1;0;-34,863051;-56,201591
96;1;I;18;F;0;7;2,8;6;3;10;0;0;12;-;1;1;21,6;2,88;69;0;0;0;0;0;0;0;0;0;0;0;0;1;0;0;0;1;1;1;1;1;0;0;1;0;1;1;1;0;1;0;0;1;0;0;0;0;0;0;0;-34,91091;-56,16851
128;2;NN;20;F;0;6;3;8;3;10;1;0;19,2;NSP;1;0;25,2;NSP;78;1;0;0;1;1;1;1;1;1;1;0;0;0;0;0;0;0;0;0;0;1;0;1;0;0;1;1;1;1;1;0;0;0;0;0;0;0;0;0;0;-34,854993;-55,987591
302;3;HHH;18;F;0;9,7;2,5;2;4;12;1;1;12;5,76;1;0;18;NSP;70;1;0;0;1;1;0;1;0;1;0;0;0;1;0;0;0;0;1;0;1;1;1;1;1;0;1;0;0;0;0;0;0;0;0;0;0;0;0;0;0;-34,840103;-56,204346
28;1;E;20;F;0;1;3;0;-;0;1;0;0;-;0;0;-;NAC;4;0;0;0;0;0;0;0;0;0;0;0;0;0;0;0;0;0;0;0;0;0;0;0;0;0;0;0;0;0;0;0;0;0;0;0;0;0;0;0;0;-34,739988;-56,08886
109;1;T;21;F;0;0;1,3;0;-;0;1;0;0;-;0;0;-;NAC;1;0;0;0;0;0;0;0;0;0;0;0;0;0;0;0;0;0;0;0;0;0;0;0;0;0;0;0;0;0;0;0;0;0;0;0;0;0;0;0;0;-34,7172619;-56,06915394
326;3;DDD;19;M;0;5,6;3,3;0;4;S/H;1;0;4,8;NAC;0;0;NSP;NAC;21;1;0;0;1;0;0;0;0;0;0;0;0;0;0;0;0;0;0;0;0;0;0;0;0;0;0;0;0;0;0;0;0;0;0;0;0;0;0;0;0;-34,81364;-56,23114
192;2;NN;14;F;0;0;3;0;sh;0;1;1;7,2;1,92;0;0;NSP;NAC;15;1;0;0;1;0;0;0;0;1;0;0;0;0;0;0;0;0;1;0;0;0;0;0;0;0;0;0;0;0;0;0;0;0;0;0;0;0;0;0;0;-34,762814;-56,227758
189;2;MM;18;F;0;2;3;3;2;10;1;1;14,4;5,76;1;1;14,4;14,4;72;1;0;0;1;1;1;0;1;1;0;0;1;1;0;0;0;1;0;0;0;1;0;0;1;0;0;0;0;1;1;0;1;1;0;0;1;1;1;0;0;-34,86859;-56,094269
124;2;CC;21;F;0;2;1,5;0;2;7;1;1;2,4;1,92;1;0;0;NAC;20;1;0;0;0;0;0;0;0;0;0;0;0;0;0;0;0;0;0;0;1;0;0;0;0;0;0;0;0;0;0;0;0;0;0;0;0;0;0;0;0;-34,906397;-56,183526
271;3;CCC;19;F;0;10,03333333;5;0,5;4;10;1;0;16,8;NSP;1;1;21,6;11,52;82;0;1;1;1;0;0;1;1;1;1;0;0;0;0;0;0;0;0;0;0;1;1;0;1;0;1;1;0;1;0;0;0;1;0;1;0;0;1;0;1;-34,753573;-56,413231
112;1;P;18;F;0;7;2,4;3;3;11;1;1;12;1,92;1;1;14,4;8,64;67;1;0;0;1;1;0;1;0;0;1;0;0;0;0;0;0;0;0;1;0;1;1;0;1;0;0;0;1;0;0;0;0;1;0;1;1;0;0;0;0;-34,88587;-56,091612
291;3;EEE;19;F;0;0,3;3,8;1;4;12;1;0;2,4;3,84;1;0;3,6;NSP;35;0;0;0;1;0;0;0;0;0;0;0;0;0;0;0;0;0;0;0;0;0;1;0;0;0;0;0;0;0;0;0;0;0;0;0;0;0;0;0;0;-33,519176;-56,900609
133;2;MM;22;M;2;0;3;0;sh;0;1;1;2,4;0;0;0;NSP;NAC;9;0;0;0;1;0;0;0;0;0;0;0;0;0;0;0;0;0;0;0;0;0;0;0;0;0;0;0;0;0;0;0;0;0;0;0;0;0;0;0;0;-34,823963;-56,164454
320;3;DDD;21;M;0;2,966666667;3,3;0;4;S/H;1;0;2,4;NAC;0;0;NSP;NAC;16;0;0;0;1;0;0;0;0;0;0;0;0;0;0;0;0;0;0;0;0;0;0;0;0;0;0;0;0;0;0;0;0;0;0;0;0;0;0;0;0;-33,86209;-55,54684
261;3;SSS;20;M;1;5;4,5;0;4;12;1;1;4,8;1,92;1;1;3,6;5,76;45;1;0;0;1;0;0;0;0;0;0;0;0;1;0;0;0;0;0;0;0;1;0;0;0;0;0;0;0;0;0;0;0;0;1;0;0;1;0;0;0;-34,850498;-55,990437
299;3;EEE;19;F;1;2,3;3,8;0;4;S/H;1;0;2,4;NAC;0;0;NSP;NAC;16;0;0;0;1;0;0;0;0;0;0;0;0;0;0;0;0;0;0;0;0;0;0;0;0;0;0;0;0;0;0;0;0;0;0;0;0;0;0;0;0;-34,818991;-56,301379
216;2;LL;18;F;0;0;0;0;1;5;1;1;7,2;0;0;0;NSP;NAC;17;1;0;0;1;1;0;0;0;0;0;0;0;0;0;0;0;0;0;0;0;0;0;0;0;0;0;0;0;0;0;0;0;0;0;0;0;0;0;0;0;-33,724455;-56,328992
329;3;SSS;19;F;0;10;4,5;2;4;12;1;0;19,2;NSP;1;1;18;11,52;85;1;1;0;1;1;1;1;1;1;0;0;0;0;0;0;0;0;0;0;0;0;1;0;1;0;0;1;0;1;1;1;0;1;0;1;0;0;1;0;0;-34,897065;-56,068125
33;1;P;19;F;0;3,25;2,4;2,5;3;7;1;1;4,8;1,92;1;0;3,6;NAC;28;0;0;0;1;0;0;0;0;1;0;0;0;0;0;0;0;0;1;0;0;1;0;0;0;0;0;0;0;0;0;0;0;0;0;0;0;0;0;0;0;-34,818572;-56,354785
53;1;M;19;F;0;0;2,4;0;-;0;1;1;0;5,76;0;0;-;NAC;8;0;0;0;0;0;0;0;0;0;0;1;0;0;0;0;1;0;1;0;0;0;0;0;0;0;0;0;0;0;0;0;0;0;0;0;0;0;0;0;0;-34,904071;-56,20079
248;3;GGG;21;F;1;7,633333333;3,8;2;2;S/H;1;1;4,8;5,76;1;0;3,6;NAC;33;0;0;0;1;1;0;0;0;0;0;0;0;1;0;0;0;0;1;0;1;1;0;0;0;0;0;0;0;0;0;0;0;0;0;0;0;0;0;0;0;-34,841391;-55,994186
52;1;C;19;F;0;1;1;1;1,5;0;1;1;7,2;0;0;0;-;NAC;15;1;0;0;0;1;0;0;1;0;0;0;0;0;0;0;0;0;0;0;0;0;0;0;0;0;0;0;0;0;0;0;0;0;0;0;0;0;0;0;0;-34,499299;-56,039337
102;1;I;19;F;0;4;2,8;2,5;3;11;1;1;12;3,84;1;1;10,8;8,64;59;0;0;0;1;1;1;1;0;1;0;0;1;0;0;0;0;0;1;0;0;1;1;0;0;0;0;0;0;1;0;0;0;0;0;0;1;1;0;0;1;-34,89820708;-56,19070016
81;1;F;19;F;0;1;2,4;1;3;0;1;1;7,2;1,92;1;0;3,6;NAC;22;0;0;0;1;1;0;1;0;0;0;0;0;0;0;0;0;0;1;0;0;1;0;0;0;0;0;0;0;0;0;0;0;0;0;0;0;0;0;0;0;-34,901011;-56,171737
199;2;MM;19;F;0;1;3;2;2;0;1;1;2,4;0;0;0;NSP;NAC;14;0;0;0;0;0;0;0;1;0;0;0;0;0;0;0;0;0;0;0;0;0;0;0;0;0;0;0;0;0;0;0;0;0;0;0;0;0;0;0;0;-32,360813;-57,200563
152;2;FF;20;M;1;1;3;6;3;12;1;0;19,2;NSP;1;0;14,4;NAC;62;1;0;1;1;1;1;1;1;1;0;0;0;0;0;0;0;0;0;0;0;1;1;0;1;0;1;0;0;0;0;0;0;0;0;0;0;0;0;0;0;-34,747089;-56,405791
74;1;L;19;F;0;1;3;0;3;0;1;1;4,8;0;0;0;-;NAC;15;0;0;0;1;1;0;0;0;0;0;0;0;0;0;0;0;0;0;0;0;0;0;0;0;0;0;0;0;0;0;0;0;0;0;0;0;0;0;0;0;-34,861377;-56,17166
304;3;EEE;18;F;0;11,7;3,8;2;4;12;1;0;19,2;0;1;1;21,6;11,52;89;1;1;1;1;1;0;1;0;1;1;0;0;0;0;0;0;0;0;0;0;0;1;1;1;0;0;1;1;0;1;1;0;0;0;1;1;0;0;1;0;-34,907688;-54,989819
322;3;PPP;19;F;0;0;4;0;2;S/H;1;1;2,4;0;0;0;0;NAC;8;1;0;0;0;0;0;0;0;0;0;0;0;0;0;0;0;0;0;0;0;0;0;0;0;0;0;0;0;0;0;0;0;0;0;0;0;0;0;0;0;-31,709676;-55,998919
166;2;GG;19;F;0;0;3;3;3;0;1;0;0;NSP;0;0;NSP;NAC;9;0;0;0;0;0;0;0;0;0;0;0;0;0;0;0;0;0;0;0;0;0;0;0;0;0;0;0;0;0;0;0;0;0;0;0;0;0;0;0;0;-34,380711;-55,9499
85;1;A;21;F;2;1;2,8;0;-;0;1;1;4,8;0;0;0;-;NAC;9;1;0;0;1;0;0;0;0;0;0;0;0;0;0;0;0;0;0;0;0;0;0;0;0;0;0;0;0;0;0;0;0;0;0;0;0;0;0;0;0;-34,875984;-56,104309
327;3;LLL;23;M;2;3,5;3,5;0;4;S/H;1;1;7,2;0;0;0;NSP;NAC;22;1;0;0;1;1;0;0;0;0;0;0;0;0;0;0;0;0;0;0;0;0;0;0;0;0;0;0;0;0;0;0;0;0;0;0;0;0;0;0;0;-34,886413;-56,165577
75;1;U;19;F;0;6;2,5;3,5;3;12;1;1;16,8;3,84;1;1;18;14,4;83;1;0;0;1;1;1;1;1;1;0;0;1;0;0;0;0;0;0;0;1;1;0;0;1;1;1;0;1;0;0;0;1;1;0;0;0;1;0;1;1;-34,902746;-54,949115
214;2;OO;19;F;0;9;3;7;2;12;1;0;24;NAC;1;0;32,4;NAC;93;1;1;1;1;1;1;1;1;1;1;0;0;0;0;0;0;0;0;0;0;1;1;1;1;1;1;1;1;1;0;0;0;0;0;0;0;0;0;0;0;-34,906113;-56,137741
277;3;NNN;19;F;0;5,7;5,3;0;4;12;1;1;9,6;1,92;1;1;14,4;5,76;62;1;0;0;1;1;1;0;0;0;0;0;0;0;0;0;0;0;1;0;0;1;0;1;1;1;0;0;0;0;0;0;0;0;0;0;1;1;0;0;0;-32,693826;-57,635427
13;1;S;20;M;1;4,5;2,3;0;-;0;1;1;9,6;3,84;0;0;-;NAC;20;1;0;0;1;1;0;0;0;1;0;0;0;0;0;0;0;0;1;0;1;0;0;0;0;0;0;0;0;0;0;0;0;0;0;0;0;0;0;0;0;-34,79403;-55,909897
225;2;OO;19;F;0;0;3;5;2;12;1;1;7,2;1,92;1;1;10,8;14,4;60;1;0;0;1;0;0;0;1;0;0;0;0;0;0;0;0;0;0;0;1;1;0;0;0;0;0;1;0;1;0;0;1;1;0;1;1;0;1;0;0;-34,852379;-56,16352
149;2;AA;21;F;1;1;3;1;1;12;1;1;9,6;3,84;1;0;0;NAC;35;1;0;0;1;0;1;0;0;1;0;0;0;0;0;1;0;0;1;0;0;0;0;0;0;0;0;0;0;0;0;0;0;0;0;0;0;0;0;0;0;-34,788083;-56,135162
70;1;L;19;F;1;1;3;3,5;3;10,5;1;1;9,6;5,76;1;1;21,6;8,64;70;0;0;0;1;1;0;1;0;1;0;1;0;0;0;0;0;0;1;0;1;1;0;1;1;1;1;1;0;0;0;0;1;0;0;0;0;0;1;1;0;-34,897713;-54,971854
229;2;DD;18;F;0;1;3;0;3;12;1;1;0;0;1;0;0;NAC;22;0;0;0;0;0;0;0;0;0;0;0;0;0;0;0;0;0;0;0;0;0;0;0;0;0;0;0;0;0;0;0;0;0;0;0;0;0;0;0;0;-34,875823;-56,18106
296;3;DDD;19;F;0;7,333333333;3,3;2;4;12;1;0;2,4;NAC;1;1;14,4;11,52;60;0;0;0;0;0;0;0;0;1;0;0;0;0;0;0;0;0;0;0;0;1;0;1;1;1;0;0;0;0;0;0;1;0;0;0;1;1;0;1;0;-34,910079;-56,151654
324;3;BBB;18;F;0;4,45;4;2;4;12;1;1;9,6;1,92;1;1;14,4;8,64;64;1;0;0;1;1;0;0;1;0;0;0;0;0;0;0;0;0;0;0;1;1;1;0;1;0;0;0;1;0;0;0;0;1;0;1;1;0;0;0;0;-34,908561;-56,163738
283;3;TTT;19;F;0;3,5;5;0,5;4;S/H;1;1;12;1,92;0;0;NSP;NAC;30;1;0;0;1;1;1;0;0;1;0;0;0;0;0;0;0;0;1;0;0;0;0;0;0;0;0;0;0;0;0;0;0;0;0;0;0;0;0;0;0;-34,878642;-56,170527
221;2;BB;19;F;0;3;1,5;7;3;12;1;1;14,4;1,92;1;0;21,6;NSP;68;1;1;0;1;0;1;1;1;0;0;0;0;0;0;0;0;0;0;1;0;1;1;0;0;0;1;0;1;1;1;0;0;0;0;0;0;0;0;0;0;-34,862994;-56,196482